dist,tcr_bin,rocauc,obs_cnt,pep_cnt,rocauc_ci_low,rocauc_ci_high
1,0,0.4419249181153943,504.0,90.0,0.39862559093328326,0.4839574779632286
2,0,0.5027161611588954,188.0,32.0,0.4332910443871035,0.5723825693265422
3,0,0.41289256198347113,110.0,33.0,0.32260469944801745,0.506018383910175
4,0,0.4744998376755133,888.0,131.0,0.442600575822659,0.5063126811999333
5,0,0.5039410382009484,2706.0,436.0,0.48583053882009725,0.5223451897073601
6,0,0.5158803210098061,2554.0,444.0,0.4964472435231615,0.5347800681388261
7,0,0.48626809438826096,492.0,76.0,0.4427977251506664,0.5281787244029807
8,0,0.5316358024691358,144.0,11.0,0.4525525390146709,0.6111479112374635
9,0,0.5739795918367347,56.0,4.0,0.44348659003831414,0.706254965835055
