dist,tcr_bin,rocauc,obs_cnt,pep_cnt,rocauc_ci_low,rocauc_ci_high
1,0,0.4214222726127488,504.0,90.0,0.37979497845788146,0.46406225353593766
2,0,0.49592575826165686,188.0,32.0,0.42359497562009757,0.5669305669305669
3,0,0.5038016528925621,110.0,33.0,0.40856693289909013,0.6024097660669318
4,0,0.4892916565213863,888.0,131.0,0.45663160633515615,0.5222715435717631
5,0,0.49640638716405305,2706.0,436.0,0.47730216620808275,0.5139284169399289
6,0,0.5212171979525722,2554.0,444.0,0.5030295866596353,0.5394115289418911
7,0,0.48474783528323084,492.0,76.0,0.44135652511903606,0.5250352435923976
8,0,0.5163966049382716,144.0,11.0,0.43749838486598397,0.5984238765928906
9,0,0.5063775510204082,56.0,4.0,0.37141774891774887,0.6436536353671906
