dist,tcr_bin,rocauc,obs_cnt,pep_cnt,rocauc_ci_low,rocauc_ci_high
1,0,0.5291477702191988,504.0,90.0,0.4850380375982047,0.5720840210430617
2,0,0.5150520597555455,188.0,32.0,0.44237988817809504,0.5861300500217719
3,0,0.5041322314049586,110.0,33.0,0.41742536976911976,0.5981178035800677
4,0,0.5028863322782242,888.0,131.0,0.4701973017712497,0.5352199869725077
5,0,0.4981664571735417,2706.0,436.0,0.48032934246514175,0.5157207499118888
6,0,0.4972469367994315,2554.0,444.0,0.4784684320903336,0.5159645074577158
7,0,0.4998512790005949,492.0,76.0,0.4576643009243455,0.5419783558002658
8,0,0.5179398148148148,144.0,11.0,0.43896883760137617,0.5943707451932546
9,0,0.4362244897959184,56.0,4.0,0.30636024535809014,0.569738157237171
